[
    {
        "fields": {
            "name": "Antenas"
        },
        "model": "market.ItemCategory",
        "pk": 2
    },
    {
        "fields": {
            "name": "Wheels"
        },
        "model": "market.ItemCategory",
        "pk": 5
    },
    {
        "fields": {
            "name": "Boosts"
        },
        "model": "market.ItemCategory",
        "pk": 4
    },
    {
        "fields": {
            "name": "Toppers"
        },
        "model": "market.ItemCategory",
        "pk": 3
    },
    {
        "fields": {
            "name": "Bodies"
        },
        "model": "market.ItemCategory",
        "pk": 1
    },
    {
        "fields": {
            "name": "Champions Crate 1"
        },
        "model": "market.ItemSource",
        "pk": 1
    },
    {
        "fields": {
            "name": "Champions Crate 2"
        },
        "model": "market.ItemSource",
        "pk": 2
    },
    {
        "fields": {
            "name": "Exotic"
        },
        "model": "market.ItemRarity",
        "pk": 7
    },
    {
        "fields": {
            "name": "Super Rare"
        },
        "model": "market.ItemRarity",
        "pk": 6
    },
    {
        "fields": {
            "name": "Rare"
        },
        "model": "market.ItemRarity",
        "pk": 4
    },
    {
        "fields": {
            "name": "Very Rare"
        },
        "model": "market.ItemRarity",
        "pk": 5
    },
    {
        "fields": {
            "name": "Limited"
        },
        "model": "market.ItemRarity",
        "pk": 3
    },
    {
        "fields": {
            "name": "Uncommon"
        },
        "model": "market.ItemRarity",
        "pk": 2
    },
    {
        "fields": {
            "name": "Import"
        },
        "model": "market.ItemRarity",
        "pk": 1
    },
    {
        "fields": {
            "category_id": 1,
            "image_path": "Bodies/Champions Crate 1/Takumi RX-T (Import).png",
            "name": "Takumi RX-T",
            "rarity_id": 1,
            "source_id": 1
        },
        "model": "market.Item",
        "pk": 1
    },
    {
        "fields": {
            "category_id": 1,
            "image_path": "Bodies/Champions Crate 1/Dominus GT (Import).png",
            "name": "Dominus GT",
            "rarity_id": 1,
            "source_id": 1
        },
        "model": "market.Item",
        "pk": 2
    },
    {
        "fields": {
            "category_id": 1,
            "image_path": "Bodies/Champions Crate 2/X-Devil Mk2 (Import).png",
            "name": "X-Devil Mk2",
            "rarity_id": 1,
            "source_id": 2
        },
        "model": "market.Item",
        "pk": 3
    },
    {
        "fields": {
            "category_id": 1,
            "image_path": "Bodies/Champions Crate 2/Road Hog XL (Import).png",
            "name": "Road Hog XL",
            "rarity_id": 1,
            "source_id": 2
        },
        "model": "market.Item",
        "pk": 4
    },
    {
        "fields": {
            "category_id": 2,
            "image_path": "Antenas/Cupcake (Uncommon).png",
            "name": "Cupcake",
            "rarity_id": 2
        },
        "model": "market.Item",
        "pk": 5
    },
    {
        "fields": {
            "category_id": 2,
            "image_path": "Antenas/Rocket (Uncommon).png",
            "name": "Rocket",
            "rarity_id": 2
        },
        "model": "market.Item",
        "pk": 6
    },
    {
        "fields": {
            "category_id": 2,
            "image_path": "Antenas/Waffle (Uncommon).png",
            "name": "Waffle",
            "rarity_id": 2
        },
        "model": "market.Item",
        "pk": 7
    },
    {
        "fields": {
            "category_id": 2,
            "image_path": "Antenas/Venus Flytrap (Uncommon).png",
            "name": "Venus Flytrap",
            "rarity_id": 2
        },
        "model": "market.Item",
        "pk": 8
    },
    {
        "fields": {
            "category_id": 2,
            "image_path": "Antenas/Donut (Uncommon).png",
            "name": "Donut",
            "rarity_id": 2
        },
        "model": "market.Item",
        "pk": 9
    },
    {
        "fields": {
            "category_id": 2,
            "image_path": "Antenas/Alien (Uncommon).png",
            "name": "Alien",
            "rarity_id": 2
        },
        "model": "market.Item",
        "pk": 10
    },
    {
        "fields": {
            "category_id": 2,
            "image_path": "Antenas/Hula Girl (Uncommon).png",
            "name": "Hula Girl",
            "rarity_id": 2
        },
        "model": "market.Item",
        "pk": 11
    },
    {
        "fields": {
            "category_id": 2,
            "image_path": "Antenas/Holiday Gift (Limited).png",
            "name": "Holiday Gift",
            "rarity_id": 3
        },
        "model": "market.Item",
        "pk": 12
    },
    {
        "fields": {
            "category_id": 2,
            "image_path": "Antenas/Rose (Uncommon).png",
            "name": "Rose",
            "rarity_id": 2
        },
        "model": "market.Item",
        "pk": 13
    },
    {
        "fields": {
            "category_id": 2,
            "image_path": "Antenas/Fuzzy Brute (Limited).png",
            "name": "Fuzzy Brute",
            "rarity_id": 3
        },
        "model": "market.Item",
        "pk": 14
    },
    {
        "fields": {
            "category_id": 2,
            "image_path": "Antenas/Rubber Duckie (Uncommon).png",
            "name": "Rubber Duckie",
            "rarity_id": 2
        },
        "model": "market.Item",
        "pk": 15
    },
    {
        "fields": {
            "category_id": 2,
            "image_path": "Antenas/Chick Magnet (Uncommon).png",
            "name": "Chick Magnet",
            "rarity_id": 2
        },
        "model": "market.Item",
        "pk": 16
    },
    {
        "fields": {
            "category_id": 2,
            "image_path": "Antenas/Genie Lamp (Uncommon).png",
            "name": "Genie Lamp",
            "rarity_id": 2
        },
        "model": "market.Item",
        "pk": 17
    },
    {
        "fields": {
            "category_id": 2,
            "image_path": "Antenas/Candle (Uncommon).png",
            "name": "Candle",
            "rarity_id": 2
        },
        "model": "market.Item",
        "pk": 18
    },
    {
        "fields": {
            "category_id": 2,
            "image_path": "Antenas/Candy Cane (Limited).png",
            "name": "Candy Cane",
            "rarity_id": 3
        },
        "model": "market.Item",
        "pk": 19
    },
    {
        "fields": {
            "category_id": 2,
            "image_path": "Antenas/Moai (Uncommon).png",
            "name": "Moai",
            "rarity_id": 2
        },
        "model": "market.Item",
        "pk": 20
    },
    {
        "fields": {
            "category_id": 2,
            "image_path": "Antenas/Foam Finger (Uncommon).png",
            "name": "Foam Finger",
            "rarity_id": 2
        },
        "model": "market.Item",
        "pk": 21
    },
    {
        "fields": {
            "category_id": 2,
            "image_path": "Antenas/Sunflower (Uncommon).png",
            "name": "Sunflower",
            "rarity_id": 2
        },
        "model": "market.Item",
        "pk": 22
    },
    {
        "fields": {
            "category_id": 2,
            "image_path": "Antenas/Fuzzy Vamp (Limited).png",
            "name": "Fuzzy Vamp",
            "rarity_id": 3
        },
        "model": "market.Item",
        "pk": 23
    },
    {
        "fields": {
            "category_id": 2,
            "image_path": "Antenas/Parrot (Uncommon).png",
            "name": "Parrot",
            "rarity_id": 2
        },
        "model": "market.Item",
        "pk": 24
    },
    {
        "fields": {
            "category_id": 2,
            "image_path": "Antenas/Disco Ball (Uncommon).png",
            "name": "Disco Ball",
            "rarity_id": 2
        },
        "model": "market.Item",
        "pk": 25
    },
    {
        "fields": {
            "category_id": 2,
            "image_path": "Antenas/Rainbow Flag (Uncommon).png",
            "name": "Rainbow Flag",
            "rarity_id": 2
        },
        "model": "market.Item",
        "pk": 26
    },
    {
        "fields": {
            "category_id": 2,
            "image_path": "Antenas/Balloon Dog (Uncommon).png",
            "name": "Balloon Dog",
            "rarity_id": 2
        },
        "model": "market.Item",
        "pk": 27
    },
    {
        "fields": {
            "category_id": 2,
            "image_path": "Antenas/Deadmau5 (Uncommon).png",
            "name": "Deadmau5",
            "rarity_id": 2
        },
        "model": "market.Item",
        "pk": 28
    },
    {
        "fields": {
            "category_id": 3,
            "image_path": "Toppers/Bow (Uncommon).png",
            "name": "Bow",
            "rarity_id": 2
        },
        "model": "market.Item",
        "pk": 29
    },
    {
        "fields": {
            "category_id": 3,
            "image_path": "Toppers/Graduation Cap (Uncommon).png",
            "name": "Graduation Cap",
            "rarity_id": 2
        },
        "model": "market.Item",
        "pk": 30
    },
    {
        "fields": {
            "category_id": 3,
            "image_path": "Toppers/Biker Cap.png",
            "name": "Biker Cap"
        },
        "model": "market.Item",
        "pk": 31
    },
    {
        "fields": {
            "category_id": 3,
            "image_path": "Toppers/Cockroach (Uncommon).png",
            "name": "Cockroach",
            "rarity_id": 2
        },
        "model": "market.Item",
        "pk": 32
    },
    {
        "fields": {
            "category_id": 3,
            "image_path": "Toppers/Pumpkin (Limited).png",
            "name": "Pumpkin",
            "rarity_id": 3
        },
        "model": "market.Item",
        "pk": 33
    },
    {
        "fields": {
            "category_id": 3,
            "image_path": "Toppers/Work Boot (Uncommon).png",
            "name": "Work Boot",
            "rarity_id": 2
        },
        "model": "market.Item",
        "pk": 34
    },
    {
        "fields": {
            "category_id": 3,
            "image_path": "Toppers/Robo-Visor (Rare).png",
            "name": "Robo-Visor",
            "rarity_id": 4
        },
        "model": "market.Item",
        "pk": 35
    },
    {
        "fields": {
            "category_id": 3,
            "image_path": "Toppers/Trucker Hat.png",
            "name": "Trucker Hat"
        },
        "model": "market.Item",
        "pk": 36
    },
    {
        "fields": {
            "category_id": 3,
            "image_path": "Toppers/Rasta (Uncommon).png",
            "name": "Rasta",
            "rarity_id": 2
        },
        "model": "market.Item",
        "pk": 37
    },
    {
        "fields": {
            "category_id": 3,
            "image_path": "Toppers/Party Hat (Uncommon).png",
            "name": "Party Hat",
            "rarity_id": 2
        },
        "model": "market.Item",
        "pk": 38
    },
    {
        "fields": {
            "category_id": 3,
            "image_path": "Toppers/Blitzen (Limited).png",
            "name": "Blitzen",
            "rarity_id": 3
        },
        "model": "market.Item",
        "pk": 39
    },
    {
        "fields": {
            "category_id": 3,
            "image_path": "Toppers/Cowboy Hat (Uncommon).png",
            "name": "Cowboy Hat",
            "rarity_id": 2
        },
        "model": "market.Item",
        "pk": 40
    },
    {
        "fields": {
            "category_id": 3,
            "image_path": "Toppers/Brodie Helmet (Uncommon).png",
            "name": "Brodie Helmet",
            "rarity_id": 2
        },
        "model": "market.Item",
        "pk": 41
    },
    {
        "fields": {
            "category_id": 3,
            "image_path": "Toppers/Sad Sapling (Limited).png",
            "name": "Sad Sapling",
            "rarity_id": 3
        },
        "model": "market.Item",
        "pk": 42
    },
    {
        "fields": {
            "category_id": 3,
            "image_path": "Toppers/Antlers (Uncommon).png",
            "name": "Antlers",
            "rarity_id": 2
        },
        "model": "market.Item",
        "pk": 43
    },
    {
        "fields": {
            "category_id": 3,
            "image_path": "Toppers/Flat Hat (Uncommon).png",
            "name": "Flat Hat",
            "rarity_id": 2
        },
        "model": "market.Item",
        "pk": 44
    },
    {
        "fields": {
            "category_id": 3,
            "image_path": "Toppers/Plunger.png",
            "name": "Plunger"
        },
        "model": "market.Item",
        "pk": 45
    },
    {
        "fields": {
            "category_id": 3,
            "image_path": "Toppers/Police Hat.png",
            "name": "Police Hat"
        },
        "model": "market.Item",
        "pk": 46
    },
    {
        "fields": {
            "category_id": 3,
            "image_path": "Toppers/Homburg (Uncommon).png",
            "name": "Homburg",
            "rarity_id": 2
        },
        "model": "market.Item",
        "pk": 47
    },
    {
        "fields": {
            "category_id": 3,
            "image_path": "Toppers/Christmas Tree (Limited).png",
            "name": "Christmas Tree",
            "rarity_id": 3
        },
        "model": "market.Item",
        "pk": 48
    },
    {
        "fields": {
            "category_id": 3,
            "image_path": "Toppers/Fruit Hat (Uncommon).png",
            "name": "Fruit Hat",
            "rarity_id": 2
        },
        "model": "market.Item",
        "pk": 49
    },
    {
        "fields": {
            "category_id": 3,
            "image_path": "Toppers/Brown Derby (Uncommon).png",
            "name": "Brown Derby",
            "rarity_id": 2
        },
        "model": "market.Item",
        "pk": 50
    },
    {
        "fields": {
            "category_id": 3,
            "image_path": "Toppers/Visor (Uncommon).png",
            "name": "Visor",
            "rarity_id": 2
        },
        "model": "market.Item",
        "pk": 51
    },
    {
        "fields": {
            "category_id": 3,
            "image_path": "Toppers/Santa (Limited).png",
            "name": "Santa",
            "rarity_id": 3
        },
        "model": "market.Item",
        "pk": 52
    },
    {
        "fields": {
            "category_id": 3,
            "image_path": "Toppers/Chainsaw (Uncommon).png",
            "name": "Chainsaw",
            "rarity_id": 2
        },
        "model": "market.Item",
        "pk": 53
    },
    {
        "fields": {
            "category_id": 3,
            "image_path": "Toppers/Paper Boat (Uncommon).png",
            "name": "Paper Boat",
            "rarity_id": 2
        },
        "model": "market.Item",
        "pk": 54
    },
    {
        "fields": {
            "category_id": 3,
            "image_path": "Toppers/Bowler (Uncommon).png",
            "name": "Bowler",
            "rarity_id": 2
        },
        "model": "market.Item",
        "pk": 55
    },
    {
        "fields": {
            "category_id": 3,
            "image_path": "Toppers/Mouse Trap (Uncommon).png",
            "name": "Mouse Trap",
            "rarity_id": 2
        },
        "model": "market.Item",
        "pk": 56
    },
    {
        "fields": {
            "category_id": 3,
            "image_path": "Toppers/Light Bulb.png",
            "name": "Light Bulb"
        },
        "model": "market.Item",
        "pk": 57
    },
    {
        "fields": {
            "category_id": 3,
            "image_path": "Toppers/White Hat (Limited).png",
            "name": "White Hat",
            "rarity_id": 3
        },
        "model": "market.Item",
        "pk": 58
    },
    {
        "fields": {
            "category_id": 3,
            "image_path": "Toppers/Deerstalker (Uncommon).png",
            "name": "Deerstalker",
            "rarity_id": 2
        },
        "model": "market.Item",
        "pk": 59
    },
    {
        "fields": {
            "category_id": 3,
            "image_path": "Toppers/Chef's Hat (Uncommon).png",
            "name": "Chef's Hat",
            "rarity_id": 2
        },
        "model": "market.Item",
        "pk": 60
    },
    {
        "fields": {
            "category_id": 3,
            "image_path": "Toppers/Tiara (Uncommon).png",
            "name": "Tiara",
            "rarity_id": 2
        },
        "model": "market.Item",
        "pk": 61
    },
    {
        "fields": {
            "category_id": 3,
            "image_path": "Toppers/Unicorn (Uncommon).png",
            "name": "Unicorn",
            "rarity_id": 2
        },
        "model": "market.Item",
        "pk": 62
    },
    {
        "fields": {
            "category_id": 3,
            "image_path": "Toppers/Red Beret (Uncommon).png",
            "name": "Red Beret",
            "rarity_id": 2
        },
        "model": "market.Item",
        "pk": 63
    },
    {
        "fields": {
            "category_id": 3,
            "image_path": "Toppers/Rhino Horns (Uncommon).png",
            "name": "Rhino Horns",
            "rarity_id": 2
        },
        "model": "market.Item",
        "pk": 64
    },
    {
        "fields": {
            "category_id": 3,
            "image_path": "Toppers/Pigeon (Uncommon).png",
            "name": "Pigeon",
            "rarity_id": 2
        },
        "model": "market.Item",
        "pk": 65
    },
    {
        "fields": {
            "category_id": 3,
            "image_path": "Toppers/Wildcat Ears (Rare).png",
            "name": "Wildcat Ears",
            "rarity_id": 4
        },
        "model": "market.Item",
        "pk": 66
    },
    {
        "fields": {
            "category_id": 3,
            "image_path": "Toppers/Birthday Cake (Uncommon).png",
            "name": "Birthday Cake",
            "rarity_id": 2
        },
        "model": "market.Item",
        "pk": 67
    },
    {
        "fields": {
            "category_id": 3,
            "image_path": "Toppers/Traffic Cone (Uncommon).png",
            "name": "Traffic Cone",
            "rarity_id": 2
        },
        "model": "market.Item",
        "pk": 68
    },
    {
        "fields": {
            "category_id": 3,
            "image_path": "Toppers/Golf Hat (Uncommon).png",
            "name": "Golf Hat",
            "rarity_id": 2
        },
        "model": "market.Item",
        "pk": 69
    },
    {
        "fields": {
            "category_id": 3,
            "image_path": "Toppers/Drink Helmet (Rare).png",
            "name": "Drink Helmet",
            "rarity_id": 4
        },
        "model": "market.Item",
        "pk": 70
    },
    {
        "fields": {
            "category_id": 3,
            "image_path": "Toppers/Shuriken (Uncommon).png",
            "name": "Shuriken",
            "rarity_id": 2
        },
        "model": "market.Item",
        "pk": 71
    },
    {
        "fields": {
            "category_id": 3,
            "image_path": "Toppers/Gold Cap (Limited).png",
            "name": "Gold Cap",
            "rarity_id": 3
        },
        "model": "market.Item",
        "pk": 72
    },
    {
        "fields": {
            "category_id": 3,
            "image_path": "Toppers/Deadmau5 (Uncommon).png",
            "name": "Deadmau5",
            "rarity_id": 2
        },
        "model": "market.Item",
        "pk": 73
    },
    {
        "fields": {
            "category_id": 4,
            "image_path": "Boosts/Polygonal (Very Rare).png",
            "name": "Polygonal",
            "rarity_id": 5
        },
        "model": "market.Item",
        "pk": 74
    },
    {
        "fields": {
            "category_id": 4,
            "image_path": "Boosts/Hearts (Super Rare).png",
            "name": "Hearts",
            "rarity_id": 6
        },
        "model": "market.Item",
        "pk": 75
    },
    {
        "fields": {
            "category_id": 4,
            "image_path": "Boosts/Candy Corn (Limited).png",
            "name": "Candy Corn",
            "rarity_id": 3
        },
        "model": "market.Item",
        "pk": 76
    },
    {
        "fields": {
            "category_id": 4,
            "image_path": "Boosts/Xmas (Limited).png",
            "name": "Xmas",
            "rarity_id": 3
        },
        "model": "market.Item",
        "pk": 77
    },
    {
        "fields": {
            "category_id": 4,
            "image_path": "Boosts/Champions Crate 1/Trinity (Import).png",
            "name": "Trinity",
            "rarity_id": 1,
            "source_id": 1
        },
        "model": "market.Item",
        "pk": 78
    },
    {
        "fields": {
            "category_id": 4,
            "image_path": "Boosts/Frostbite (Super Rare).png",
            "name": "Frostbite",
            "rarity_id": 6
        },
        "model": "market.Item",
        "pk": 79
    },
    {
        "fields": {
            "category_id": 4,
            "image_path": "Boosts/Toon Smoke (Super Rare).png",
            "name": "Toon Smoke",
            "rarity_id": 6
        },
        "model": "market.Item",
        "pk": 80
    },
    {
        "fields": {
            "category_id": 4,
            "image_path": "Boosts/Lightning (Super Rare).png",
            "name": "Lightning",
            "rarity_id": 6
        },
        "model": "market.Item",
        "pk": 81
    },
    {
        "fields": {
            "category_id": 4,
            "image_path": "Boosts/Champions Crate 2/Pixel Fire (Import).png",
            "name": "Pixel Fire",
            "rarity_id": 1,
            "source_id": 2
        },
        "model": "market.Item",
        "pk": 82
    },
    {
        "fields": {
            "category_id": 5,
            "image_path": "Wheels/Cannoboy (Uncommon).png",
            "name": "Cannoboy",
            "rarity_id": 2
        },
        "model": "market.Item",
        "pk": 83
    },
    {
        "fields": {
            "category_id": 5,
            "image_path": "Wheels/Champions Crate 1/Looper (Exotic).png",
            "name": "Looper",
            "rarity_id": 7,
            "source_id": 1
        },
        "model": "market.Item",
        "pk": 84
    },
    {
        "fields": {
            "category_id": 5,
            "image_path": "Wheels/Champions Crate 1/Photon (Exotic).png",
            "name": "Photon",
            "rarity_id": 7,
            "source_id": 1
        },
        "model": "market.Item",
        "pk": 85
    },
    {
        "fields": {
            "category_id": 5,
            "image_path": "Wheels/Champions Crate 1/Chakram (Very Rare).png",
            "name": "Chakram",
            "rarity_id": 5,
            "source_id": 1
        },
        "model": "market.Item",
        "pk": 86
    },
    {
        "fields": {
            "category_id": 5,
            "image_path": "Wheels/Rhino 2 (Uncommon).png",
            "name": "Rhino 2",
            "rarity_id": 2
        },
        "model": "market.Item",
        "pk": 87
    },
    {
        "fields": {
            "category_id": 5,
            "image_path": "Wheels/Champions Crate 2/Lightning (Exotic).png",
            "name": "Lightning",
            "rarity_id": 7,
            "source_id": 2
        },
        "model": "market.Item",
        "pk": 88
    },
    {
        "fields": {
            "category_id": 5,
            "image_path": "Wheels/Champions Crate 2/Lobo (Exotic).png",
            "name": "Lobo",
            "rarity_id": 7,
            "source_id": 2
        },
        "model": "market.Item",
        "pk": 89
    },
    {
        "fields": {
            "category_id": 5,
            "image_path": "Wheels/Carriage (Limited).png",
            "name": "Carriage",
            "rarity_id": 3
        },
        "model": "market.Item",
        "pk": 90
    }
]